{
  "mint": "2om1TGVJHM6qHoWJpW8tW7eTfYaHT6zMz2Y8Cxf8MDz5",
  "mintPrivateKey": [
    20,
    12,
    87,
    207,
    41,
    138,
    184,
    213,
    235,
    139,
    73,
    198,
    61,
    32,
    13,
    16,
    206,
    2,
    96,
    113,
    126,
    152,
    72,
    12,
    161,
    170,
    169,
    78,
    149,
    246,
    173,
    208,
    26,
    214,
    41,
    247,
    102,
    23,
    210,
    42,
    183,
    178,
    206,
    200,
    165,
    192,
    93,
    249,
    213,
    155,
    51,
    238,
    54,
    4,
    202,
    156,
    64,
    78,
    253,
    251,
    19,
    109,
    75,
    46
  ],
  "owner": "D5NQkAEdpnYVcP6nZrBqJAvwha437Sd1Kn4D4XJo4U75",
  "yourTokenAccount": "4QRdJwdknGkxL8rjY23xBwu5oZXvpUC4z1MPNe33To7i",
  "totalSupply": 1000000000,
  "decimals": 6,
  "mintAuthority": "SUPPRIMÉE",
  "freezeAuthority": "D5NQkAEdpnYVcP6nZrBqJAvwha437Sd1Kn4D4XJo4U75",
  "status": "SEUL VOUS POUVEZ VENDRE",
  "automaticSetup": true,
  "timestamp": "2025-06-13T22:00:14.851Z"
}