{
  "mint": "3rwGqcxkXrZbAQUgzGKYtKLfCSfVuvYCeiP1e8JFzsXK",
  "mintPrivateKey": [
    94,
    100,
    180,
    83,
    19,
    78,
    75,
    128,
    126,
    151,
    54,
    74,
    35,
    80,
    145,
    142,
    201,
    145,
    138,
    34,
    92,
    92,
    6,
    179,
    79,
    162,
    200,
    18,
    109,
    199,
    14,
    148,
    42,
    130,
    51,
    68,
    19,
    27,
    4,
    160,
    104,
    216,
    250,
    13,
    110,
    247,
    70,
    136,
    4,
    157,
    34,
    96,
    180,
    156,
    78,
    181,
    164,
    105,
    132,
    176,
    148,
    225,
    217,
    142
  ],
  "owner": "D5NQkAEdpnYVcP6nZrBqJAvwha437Sd1Kn4D4XJo4U75",
  "yourTokenAccount": "dMEnJkquFqj4o8ZncSHM5miYdFSMBqHocwjFbgSA3pv",
  "liquidityWallet": "CMFMNXewywryJmza4wxe14z8heZFJEDqNG5tsYs2fD7p",
  "liquidityTokenAccount": "7E2TPvc1Q9Ljqy2uo6jR6m3Wn9CNJyZ5bqQLdgRnPf57",
  "liquidityWalletPrivateKey": [
    141,
    112,
    81,
    111,
    181,
    138,
    43,
    49,
    40,
    218,
    97,
    157,
    139,
    117,
    89,
    153,
    34,
    21,
    21,
    228,
    55,
    31,
    35,
    152,
    228,
    15,
    200,
    132,
    70,
    13,
    182,
    1,
    168,
    160,
    102,
    60,
    46,
    41,
    119,
    138,
    26,
    244,
    5,
    13,
    162,
    142,
    109,
    123,
    29,
    79,
    193,
    243,
    50,
    136,
    3,
    235,
    47,
    112,
    163,
    157,
    127,
    51,
    245,
    59
  ],
  "freezeAuthority": "D5NQkAEdpnYVcP6nZrBqJAvwha437Sd1Kn4D4XJo4U75",
  "timestamp": "2025-06-13T22:13:38.156Z"
}