{
  "address": "Asz6E55fZeENTiDiwQRCLSudx87AREXWPkvYCjuF8JLW",
  "privateKeyBase58": "bttHMa6rYr8GFjERcNh9R1ziTghD4aaMVmkBt5zL3tEAMWBzVGFLhRzmQNo1PKrH2ULip3NzEeyLd41uQtjLuSN",
  "privateKeyArray": [
    30,
    23,
    124,
    59,
    210,
    253,
    239,
    218,
    17,
    160,
    242,
    184,
    54,
    180,
    212,
    113,
    168,
    115,
    129,
    250,
    125,
    28,
    248,
    189,
    137,
    127,
    44,
    174,
    54,
    129,
    48,
    197,
    146,
    200,
    198,
    86,
    239,
    137,
    113,
    69,
    26,
    76,
    15,
    40,
    91,
    62,
    160,
    175,
    108,
    40,
    53,
    229,
    15,
    121,
    128,
    191,
    213,
    67,
    178,
    84,
    188,
    232,
    61,
    71
  ],
  "format": "base58",
  "exportedAt": "2025-11-03T09:26:36.207Z",
  "instructions": [
    "1. Ouvrez Phantom Wallet",
    "2. Cliquez sur l'icône de menu (3 lignes)",
    "3. Sélectionnez \"Add / Connect Wallet\"",
    "4. Choisissez \"Import Private Key\"",
    "5. Collez la clé privée base58 ci-dessus",
    "6. Donnez un nom à votre wallet"
  ]
}