[
  {
    "publicKey": "J4fmh872gwD6Sc1t4sMvZQKs61R8XWxPm5jLSESVjJso",
    "privateKey": "5RGXn5UNreZ9tPiVMioxneXRdozBa3J3rT38BkoN3sDJYCbyP3c4A6tjJ8aHDykEjKPTDdkVsXxfPZ6NMkFH2Hxy",
    "keypair": {
      "_keypair": {
        "publicKey": {
          "0": 253,
          "1": 135,
          "2": 66,
          "3": 23,
          "4": 164,
          "5": 158,
          "6": 56,
          "7": 111,
          "8": 142,
          "9": 194,
          "10": 149,
          "11": 194,
          "12": 9,
          "13": 164,
          "14": 71,
          "15": 76,
          "16": 178,
          "17": 99,
          "18": 222,
          "19": 200,
          "20": 121,
          "21": 170,
          "22": 10,
          "23": 176,
          "24": 150,
          "25": 8,
          "26": 143,
          "27": 64,
          "28": 227,
          "29": 237,
          "30": 30,
          "31": 150
        },
        "secretKey": {
          "0": 220,
          "1": 254,
          "2": 223,
          "3": 112,
          "4": 172,
          "5": 91,
          "6": 55,
          "7": 111,
          "8": 96,
          "9": 25,
          "10": 70,
          "11": 33,
          "12": 169,
          "13": 85,
          "14": 225,
          "15": 226,
          "16": 21,
          "17": 248,
          "18": 75,
          "19": 168,
          "20": 231,
          "21": 213,
          "22": 161,
          "23": 175,
          "24": 145,
          "25": 137,
          "26": 169,
          "27": 54,
          "28": 236,
          "29": 91,
          "30": 24,
          "31": 219,
          "32": 253,
          "33": 135,
          "34": 66,
          "35": 23,
          "36": 164,
          "37": 158,
          "38": 56,
          "39": 111,
          "40": 142,
          "41": 194,
          "42": 149,
          "43": 194,
          "44": 9,
          "45": 164,
          "46": 71,
          "47": 76,
          "48": 178,
          "49": 99,
          "50": 222,
          "51": 200,
          "52": 121,
          "53": 170,
          "54": 10,
          "55": 176,
          "56": 150,
          "57": 8,
          "58": 143,
          "59": 64,
          "60": 227,
          "61": 237,
          "62": 30,
          "63": 150
        }
      }
    }
  },
  {
    "publicKey": "CCNkztTh1RBzkkaGVSSxDBZPhpWxHGMLF78NhkjVgnV2",
    "privateKey": "jZsXvoxuTRChTWwenyVGk4CLLGKZ1FsZWYHGm4gHw4TQH3Jzpt3s9okB525rXyDh5su9EJk6Ts15CXN377Z4bXz",
    "keypair": {
      "_keypair": {
        "publicKey": {
          "0": 166,
          "1": 90,
          "2": 140,
          "3": 47,
          "4": 175,
          "5": 242,
          "6": 40,
          "7": 190,
          "8": 214,
          "9": 104,
          "10": 161,
          "11": 107,
          "12": 241,
          "13": 145,
          "14": 223,
          "15": 239,
          "16": 51,
          "17": 244,
          "18": 18,
          "19": 210,
          "20": 195,
          "21": 178,
          "22": 69,
          "23": 192,
          "24": 35,
          "25": 154,
          "26": 46,
          "27": 50,
          "28": 30,
          "29": 33,
          "30": 63,
          "31": 133
        },
        "secretKey": {
          "0": 36,
          "1": 181,
          "2": 59,
          "3": 241,
          "4": 6,
          "5": 141,
          "6": 248,
          "7": 102,
          "8": 190,
          "9": 228,
          "10": 91,
          "11": 109,
          "12": 46,
          "13": 192,
          "14": 247,
          "15": 17,
          "16": 62,
          "17": 79,
          "18": 58,
          "19": 18,
          "20": 46,
          "21": 240,
          "22": 240,
          "23": 147,
          "24": 9,
          "25": 45,
          "26": 141,
          "27": 232,
          "28": 175,
          "29": 118,
          "30": 27,
          "31": 143,
          "32": 166,
          "33": 90,
          "34": 140,
          "35": 47,
          "36": 175,
          "37": 242,
          "38": 40,
          "39": 190,
          "40": 214,
          "41": 104,
          "42": 161,
          "43": 107,
          "44": 241,
          "45": 145,
          "46": 223,
          "47": 239,
          "48": 51,
          "49": 244,
          "50": 18,
          "51": 210,
          "52": 195,
          "53": 178,
          "54": 69,
          "55": 192,
          "56": 35,
          "57": 154,
          "58": 46,
          "59": 50,
          "60": 30,
          "61": 33,
          "62": 63,
          "63": 133
        }
      }
    }
  },
  {
    "publicKey": "4ktmYRgX4boEYfeHsMmRwgkyLszvo6sdCSaadvBvrTgb",
    "privateKey": "5Sdo6WKUXMCh9usSPDQTLT5o1f5eAwyN8nhs3YS3uRDv63bCFokRKkx6Mia2jYjzDAFEKi57d9Lau5x3R8kH8RJf",
    "keypair": {
      "_keypair": {
        "publicKey": {
          "0": 55,
          "1": 209,
          "2": 145,
          "3": 221,
          "4": 210,
          "5": 126,
          "6": 83,
          "7": 57,
          "8": 157,
          "9": 107,
          "10": 69,
          "11": 1,
          "12": 194,
          "13": 193,
          "14": 20,
          "15": 114,
          "16": 179,
          "17": 165,
          "18": 177,
          "19": 246,
          "20": 145,
          "21": 103,
          "22": 225,
          "23": 51,
          "24": 220,
          "25": 251,
          "26": 226,
          "27": 3,
          "28": 133,
          "29": 230,
          "30": 9,
          "31": 24
        },
        "secretKey": {
          "0": 222,
          "1": 44,
          "2": 147,
          "3": 36,
          "4": 62,
          "5": 58,
          "6": 185,
          "7": 76,
          "8": 193,
          "9": 188,
          "10": 187,
          "11": 121,
          "12": 244,
          "13": 68,
          "14": 224,
          "15": 137,
          "16": 109,
          "17": 185,
          "18": 123,
          "19": 79,
          "20": 211,
          "21": 183,
          "22": 156,
          "23": 188,
          "24": 225,
          "25": 8,
          "26": 148,
          "27": 34,
          "28": 128,
          "29": 225,
          "30": 216,
          "31": 125,
          "32": 55,
          "33": 209,
          "34": 145,
          "35": 221,
          "36": 210,
          "37": 126,
          "38": 83,
          "39": 57,
          "40": 157,
          "41": 107,
          "42": 69,
          "43": 1,
          "44": 194,
          "45": 193,
          "46": 20,
          "47": 114,
          "48": 179,
          "49": 165,
          "50": 177,
          "51": 246,
          "52": 145,
          "53": 103,
          "54": 225,
          "55": 51,
          "56": 220,
          "57": 251,
          "58": 226,
          "59": 3,
          "60": 133,
          "61": 230,
          "62": 9,
          "63": 24
        }
      }
    }
  },
  {
    "publicKey": "2T4mc9imssfyiwGncbE8XW6CciCeBXSCYqXVKW3k2grJ",
    "privateKey": "oZVhihYzFkajTXm4j9N34dV6pJ8Tn13bUjGqTn248HNJ5vCbiB7mMmtXjwpqTotGNvbux5t9jxwnEKqhGFgDxo8",
    "keypair": {
      "_keypair": {
        "publicKey": {
          "0": 21,
          "1": 137,
          "2": 12,
          "3": 182,
          "4": 182,
          "5": 47,
          "6": 207,
          "7": 189,
          "8": 187,
          "9": 72,
          "10": 140,
          "11": 204,
          "12": 248,
          "13": 71,
          "14": 37,
          "15": 81,
          "16": 242,
          "17": 46,
          "18": 214,
          "19": 103,
          "20": 223,
          "21": 118,
          "22": 45,
          "23": 120,
          "24": 217,
          "25": 64,
          "26": 152,
          "27": 79,
          "28": 95,
          "29": 209,
          "30": 36,
          "31": 255
        },
        "secretKey": {
          "0": 40,
          "1": 38,
          "2": 220,
          "3": 53,
          "4": 119,
          "5": 98,
          "6": 18,
          "7": 178,
          "8": 73,
          "9": 94,
          "10": 172,
          "11": 244,
          "12": 57,
          "13": 155,
          "14": 178,
          "15": 49,
          "16": 118,
          "17": 71,
          "18": 173,
          "19": 173,
          "20": 101,
          "21": 172,
          "22": 206,
          "23": 223,
          "24": 148,
          "25": 49,
          "26": 95,
          "27": 23,
          "28": 149,
          "29": 96,
          "30": 203,
          "31": 59,
          "32": 21,
          "33": 137,
          "34": 12,
          "35": 182,
          "36": 182,
          "37": 47,
          "38": 207,
          "39": 189,
          "40": 187,
          "41": 72,
          "42": 140,
          "43": 204,
          "44": 248,
          "45": 71,
          "46": 37,
          "47": 81,
          "48": 242,
          "49": 46,
          "50": 214,
          "51": 103,
          "52": 223,
          "53": 118,
          "54": 45,
          "55": 120,
          "56": 217,
          "57": 64,
          "58": 152,
          "59": 79,
          "60": 95,
          "61": 209,
          "62": 36,
          "63": 255
        }
      }
    }
  },
  {
    "publicKey": "Djc29HXPhHarJNuCQtBVRYee6zSy7WWt5pwXXD5yskQZ",
    "privateKey": "5PoxoVwNuPqswPRUDKSyGrAzA9gsG1vfbaD1hGLiMEAKUNb6BvZt725fTJmwBvXfscf1P6bnYmxbGTFFNMcKLzCy",
    "keypair": {
      "_keypair": {
        "publicKey": {
          "0": 189,
          "1": 54,
          "2": 59,
          "3": 231,
          "4": 161,
          "5": 80,
          "6": 16,
          "7": 126,
          "8": 121,
          "9": 149,
          "10": 112,
          "11": 93,
          "12": 24,
          "13": 203,
          "14": 153,
          "15": 220,
          "16": 221,
          "17": 157,
          "18": 126,
          "19": 14,
          "20": 116,
          "21": 160,
          "22": 165,
          "23": 130,
          "24": 3,
          "25": 240,
          "26": 228,
          "27": 87,
          "28": 22,
          "29": 121,
          "30": 116,
          "31": 50
        },
        "secretKey": {
          "0": 219,
          "1": 188,
          "2": 251,
          "3": 9,
          "4": 140,
          "5": 158,
          "6": 86,
          "7": 143,
          "8": 246,
          "9": 39,
          "10": 135,
          "11": 60,
          "12": 22,
          "13": 252,
          "14": 49,
          "15": 39,
          "16": 177,
          "17": 104,
          "18": 84,
          "19": 101,
          "20": 108,
          "21": 161,
          "22": 135,
          "23": 122,
          "24": 50,
          "25": 164,
          "26": 77,
          "27": 142,
          "28": 255,
          "29": 225,
          "30": 215,
          "31": 9,
          "32": 189,
          "33": 54,
          "34": 59,
          "35": 231,
          "36": 161,
          "37": 80,
          "38": 16,
          "39": 126,
          "40": 121,
          "41": 149,
          "42": 112,
          "43": 93,
          "44": 24,
          "45": 203,
          "46": 153,
          "47": 220,
          "48": 221,
          "49": 157,
          "50": 126,
          "51": 14,
          "52": 116,
          "53": 160,
          "54": 165,
          "55": 130,
          "56": 3,
          "57": 240,
          "58": 228,
          "59": 87,
          "60": 22,
          "61": 121,
          "62": 116,
          "63": 50
        }
      }
    }
  },
  {
    "publicKey": "mMeqT3YfrjuTq5Vr4W3Jy5in5N1Kv8U96BVFAvLpUE6",
    "privateKey": "4iWsvFkD1yDfz3UtWQUMkZYbDz5jkRU3UVnk4vb8AsRaHaSihgVKDELiCuQ1ASgdQBhdLGHKv7ENDdbYpTYiao1U",
    "keypair": {
      "_keypair": {
        "publicKey": {
          "0": 11,
          "1": 92,
          "2": 232,
          "3": 66,
          "4": 165,
          "5": 138,
          "6": 128,
          "7": 166,
          "8": 142,
          "9": 46,
          "10": 250,
          "11": 253,
          "12": 126,
          "13": 168,
          "14": 29,
          "15": 238,
          "16": 214,
          "17": 44,
          "18": 40,
          "19": 41,
          "20": 196,
          "21": 228,
          "22": 60,
          "23": 101,
          "24": 199,
          "25": 239,
          "26": 103,
          "27": 126,
          "28": 46,
          "29": 103,
          "30": 20,
          "31": 171
        },
        "secretKey": {
          "0": 185,
          "1": 218,
          "2": 33,
          "3": 112,
          "4": 107,
          "5": 177,
          "6": 22,
          "7": 75,
          "8": 172,
          "9": 154,
          "10": 61,
          "11": 110,
          "12": 40,
          "13": 114,
          "14": 165,
          "15": 147,
          "16": 150,
          "17": 82,
          "18": 83,
          "19": 195,
          "20": 217,
          "21": 201,
          "22": 91,
          "23": 84,
          "24": 35,
          "25": 112,
          "26": 213,
          "27": 138,
          "28": 106,
          "29": 171,
          "30": 116,
          "31": 105,
          "32": 11,
          "33": 92,
          "34": 232,
          "35": 66,
          "36": 165,
          "37": 138,
          "38": 128,
          "39": 166,
          "40": 142,
          "41": 46,
          "42": 250,
          "43": 253,
          "44": 126,
          "45": 168,
          "46": 29,
          "47": 238,
          "48": 214,
          "49": 44,
          "50": 40,
          "51": 41,
          "52": 196,
          "53": 228,
          "54": 60,
          "55": 101,
          "56": 199,
          "57": 239,
          "58": 103,
          "59": 126,
          "60": 46,
          "61": 103,
          "62": 20,
          "63": 171
        }
      }
    }
  },
  {
    "publicKey": "3qna8tKXNxGFWUiaTA5XNmcVb9YrHLksQxrMGxH1MTfR",
    "privateKey": "49VNRakovt3zwvBAehSCVpgmD5KqMLUSYN5rkejopAtW4wBK9xcb3Z5RSBkHhdn9kfqxP3KZsmnVRJu88QQ1oUYT",
    "keypair": {
      "_keypair": {
        "publicKey": {
          "0": 42,
          "1": 54,
          "2": 199,
          "3": 195,
          "4": 216,
          "5": 120,
          "6": 106,
          "7": 94,
          "8": 133,
          "9": 4,
          "10": 144,
          "11": 62,
          "12": 153,
          "13": 231,
          "14": 183,
          "15": 98,
          "16": 178,
          "17": 47,
          "18": 249,
          "19": 206,
          "20": 138,
          "21": 173,
          "22": 160,
          "23": 249,
          "24": 48,
          "25": 52,
          "26": 93,
          "27": 4,
          "28": 127,
          "29": 181,
          "30": 250,
          "31": 188
        },
        "secretKey": {
          "0": 157,
          "1": 95,
          "2": 39,
          "3": 123,
          "4": 74,
          "5": 233,
          "6": 87,
          "7": 148,
          "8": 105,
          "9": 120,
          "10": 163,
          "11": 63,
          "12": 214,
          "13": 11,
          "14": 169,
          "15": 31,
          "16": 56,
          "17": 152,
          "18": 28,
          "19": 181,
          "20": 151,
          "21": 125,
          "22": 6,
          "23": 53,
          "24": 139,
          "25": 160,
          "26": 140,
          "27": 185,
          "28": 127,
          "29": 17,
          "30": 230,
          "31": 32,
          "32": 42,
          "33": 54,
          "34": 199,
          "35": 195,
          "36": 216,
          "37": 120,
          "38": 106,
          "39": 94,
          "40": 133,
          "41": 4,
          "42": 144,
          "43": 62,
          "44": 153,
          "45": 231,
          "46": 183,
          "47": 98,
          "48": 178,
          "49": 47,
          "50": 249,
          "51": 206,
          "52": 138,
          "53": 173,
          "54": 160,
          "55": 249,
          "56": 48,
          "57": 52,
          "58": 93,
          "59": 4,
          "60": 127,
          "61": 181,
          "62": 250,
          "63": 188
        }
      }
    }
  },
  {
    "publicKey": "9L2VVSZ2yE4SQPu6dxDHtFym3ocERj8FpxqyoZSzodPL",
    "privateKey": "3SrgLbreRwNoLHJQGERsuVgjgW6YRiwhHxiPrRcxgNkim18HtxjDM24dDck5xuvAFxhinFXqEapoN4PhiodidfLi",
    "keypair": {
      "_keypair": {
        "publicKey": {
          "0": 123,
          "1": 189,
          "2": 55,
          "3": 134,
          "4": 247,
          "5": 75,
          "6": 224,
          "7": 23,
          "8": 92,
          "9": 41,
          "10": 140,
          "11": 252,
          "12": 225,
          "13": 50,
          "14": 251,
          "15": 153,
          "16": 199,
          "17": 136,
          "18": 40,
          "19": 246,
          "20": 198,
          "21": 178,
          "22": 115,
          "23": 2,
          "24": 44,
          "25": 28,
          "26": 145,
          "27": 42,
          "28": 230,
          "29": 79,
          "30": 109,
          "31": 127
        },
        "secretKey": {
          "0": 122,
          "1": 84,
          "2": 232,
          "3": 239,
          "4": 181,
          "5": 130,
          "6": 48,
          "7": 237,
          "8": 134,
          "9": 245,
          "10": 33,
          "11": 175,
          "12": 235,
          "13": 216,
          "14": 244,
          "15": 97,
          "16": 110,
          "17": 53,
          "18": 245,
          "19": 42,
          "20": 229,
          "21": 211,
          "22": 9,
          "23": 44,
          "24": 112,
          "25": 88,
          "26": 162,
          "27": 133,
          "28": 198,
          "29": 134,
          "30": 178,
          "31": 48,
          "32": 123,
          "33": 189,
          "34": 55,
          "35": 134,
          "36": 247,
          "37": 75,
          "38": 224,
          "39": 23,
          "40": 92,
          "41": 41,
          "42": 140,
          "43": 252,
          "44": 225,
          "45": 50,
          "46": 251,
          "47": 153,
          "48": 199,
          "49": 136,
          "50": 40,
          "51": 246,
          "52": 198,
          "53": 178,
          "54": 115,
          "55": 2,
          "56": 44,
          "57": 28,
          "58": 145,
          "59": 42,
          "60": 230,
          "61": 79,
          "62": 109,
          "63": 127
        }
      }
    }
  },
  {
    "publicKey": "3quHgRwedo149KFfrQCExqp7rk99wbKm47mZm43tvdSo",
    "privateKey": "2nT4rV8dzJXm43jBucg12D8Px2DEeBXY4YzyB7Jk9RZiV81jtNZqtJ7N3kb6FjegCjCrVxqDbqrhoYXLNV64FHzw",
    "keypair": {
      "_keypair": {
        "publicKey": {
          "0": 42,
          "1": 62,
          "2": 95,
          "3": 219,
          "4": 196,
          "5": 251,
          "6": 56,
          "7": 95,
          "8": 143,
          "9": 175,
          "10": 104,
          "11": 200,
          "12": 112,
          "13": 104,
          "14": 243,
          "15": 215,
          "16": 130,
          "17": 111,
          "18": 177,
          "19": 143,
          "20": 134,
          "21": 190,
          "22": 75,
          "23": 201,
          "24": 26,
          "25": 216,
          "26": 45,
          "27": 119,
          "28": 234,
          "29": 140,
          "30": 55,
          "31": 96
        },
        "secretKey": {
          "0": 89,
          "1": 53,
          "2": 250,
          "3": 136,
          "4": 141,
          "5": 219,
          "6": 18,
          "7": 92,
          "8": 226,
          "9": 2,
          "10": 219,
          "11": 19,
          "12": 241,
          "13": 120,
          "14": 107,
          "15": 237,
          "16": 83,
          "17": 241,
          "18": 126,
          "19": 127,
          "20": 245,
          "21": 117,
          "22": 86,
          "23": 19,
          "24": 206,
          "25": 191,
          "26": 7,
          "27": 211,
          "28": 3,
          "29": 123,
          "30": 180,
          "31": 33,
          "32": 42,
          "33": 62,
          "34": 95,
          "35": 219,
          "36": 196,
          "37": 251,
          "38": 56,
          "39": 95,
          "40": 143,
          "41": 175,
          "42": 104,
          "43": 200,
          "44": 112,
          "45": 104,
          "46": 243,
          "47": 215,
          "48": 130,
          "49": 111,
          "50": 177,
          "51": 143,
          "52": 134,
          "53": 190,
          "54": 75,
          "55": 201,
          "56": 26,
          "57": 216,
          "58": 45,
          "59": 119,
          "60": 234,
          "61": 140,
          "62": 55,
          "63": 96
        }
      }
    }
  },
  {
    "publicKey": "Ex62tyrdPhGPNcxCd5stcmYbspbNuYovWGhKgVDVrH6A",
    "privateKey": "5CXRxoQsEvw29VAzzLQNpZvZvryzfZuHdKprJ8XRBF6fnU3LMbzVDXvva8VAZ9n5aPNNhjod3nb263ED3TpPBs5L",
    "keypair": {
      "_keypair": {
        "publicKey": {
          "0": 207,
          "1": 68,
          "2": 144,
          "3": 165,
          "4": 142,
          "5": 12,
          "6": 39,
          "7": 211,
          "8": 75,
          "9": 236,
          "10": 70,
          "11": 212,
          "12": 74,
          "13": 211,
          "14": 224,
          "15": 104,
          "16": 114,
          "17": 141,
          "18": 66,
          "19": 193,
          "20": 94,
          "21": 211,
          "22": 195,
          "23": 19,
          "24": 166,
          "25": 218,
          "26": 17,
          "27": 168,
          "28": 68,
          "29": 44,
          "30": 164,
          "31": 211
        },
        "secretKey": {
          "0": 210,
          "1": 1,
          "2": 165,
          "3": 6,
          "4": 183,
          "5": 28,
          "6": 7,
          "7": 117,
          "8": 60,
          "9": 226,
          "10": 208,
          "11": 142,
          "12": 85,
          "13": 249,
          "14": 210,
          "15": 190,
          "16": 255,
          "17": 37,
          "18": 146,
          "19": 81,
          "20": 123,
          "21": 240,
          "22": 202,
          "23": 125,
          "24": 186,
          "25": 228,
          "26": 150,
          "27": 1,
          "28": 248,
          "29": 205,
          "30": 156,
          "31": 13,
          "32": 207,
          "33": 68,
          "34": 144,
          "35": 165,
          "36": 142,
          "37": 12,
          "38": 39,
          "39": 211,
          "40": 75,
          "41": 236,
          "42": 70,
          "43": 212,
          "44": 74,
          "45": 211,
          "46": 224,
          "47": 104,
          "48": 114,
          "49": 141,
          "50": 66,
          "51": 193,
          "52": 94,
          "53": 211,
          "54": 195,
          "55": 19,
          "56": 166,
          "57": 218,
          "58": 17,
          "59": 168,
          "60": 68,
          "61": 44,
          "62": 164,
          "63": 211
        }
      }
    }
  },
  {
    "publicKey": "EfTmUw6wTvn2nnH19VwekxMA8LT6XumoaXtKfYchGAee",
    "privateKey": "jcyCT6stx6X2F6aggMADtUX2VkRDRpJ4paFQSoJaDuCaA2rAadjVCAoQp15UYg8FH51c5kvckHoHLPFMHjVyY66",
    "keypair": {
      "_keypair": {
        "publicKey": {
          "0": 203,
          "1": 2,
          "2": 68,
          "3": 40,
          "4": 162,
          "5": 152,
          "6": 152,
          "7": 236,
          "8": 176,
          "9": 172,
          "10": 20,
          "11": 205,
          "12": 217,
          "13": 35,
          "14": 159,
          "15": 166,
          "16": 72,
          "17": 65,
          "18": 16,
          "19": 15,
          "20": 159,
          "21": 2,
          "22": 191,
          "23": 89,
          "24": 71,
          "25": 150,
          "26": 162,
          "27": 183,
          "28": 239,
          "29": 158,
          "30": 215,
          "31": 67
        },
        "secretKey": {
          "0": 36,
          "1": 193,
          "2": 6,
          "3": 84,
          "4": 91,
          "5": 127,
          "6": 118,
          "7": 183,
          "8": 185,
          "9": 148,
          "10": 146,
          "11": 163,
          "12": 39,
          "13": 121,
          "14": 62,
          "15": 212,
          "16": 128,
          "17": 95,
          "18": 233,
          "19": 130,
          "20": 108,
          "21": 50,
          "22": 172,
          "23": 143,
          "24": 6,
          "25": 40,
          "26": 151,
          "27": 138,
          "28": 19,
          "29": 24,
          "30": 209,
          "31": 157,
          "32": 203,
          "33": 2,
          "34": 68,
          "35": 40,
          "36": 162,
          "37": 152,
          "38": 152,
          "39": 236,
          "40": 176,
          "41": 172,
          "42": 20,
          "43": 205,
          "44": 217,
          "45": 35,
          "46": 159,
          "47": 166,
          "48": 72,
          "49": 65,
          "50": 16,
          "51": 15,
          "52": 159,
          "53": 2,
          "54": 191,
          "55": 89,
          "56": 71,
          "57": 150,
          "58": 162,
          "59": 183,
          "60": 239,
          "61": 158,
          "62": 215,
          "63": 67
        }
      }
    }
  },
  {
    "publicKey": "6MBCyrmqocCy8BFTCWKWcY65VevBHrcJgxkTBe1tHvvC",
    "privateKey": "4mYLocTwhK2ojwf1UBXtpvw6ZLpnuvuiKxWbU4g6drn4jWC6WCH7LWAnDdAGzNVtxezRGq3tdgEtfMC78CeJFoBN",
    "keypair": {
      "_keypair": {
        "publicKey": {
          "0": 79,
          "1": 117,
          "2": 151,
          "3": 102,
          "4": 67,
          "5": 224,
          "6": 62,
          "7": 76,
          "8": 6,
          "9": 246,
          "10": 179,
          "11": 5,
          "12": 128,
          "13": 75,
          "14": 216,
          "15": 155,
          "16": 54,
          "17": 139,
          "18": 70,
          "19": 15,
          "20": 144,
          "21": 191,
          "22": 253,
          "23": 55,
          "24": 208,
          "25": 41,
          "26": 150,
          "27": 47,
          "28": 205,
          "29": 78,
          "30": 109,
          "31": 113
        },
        "secretKey": {
          "0": 188,
          "1": 117,
          "2": 254,
          "3": 206,
          "4": 40,
          "5": 146,
          "6": 126,
          "7": 40,
          "8": 123,
          "9": 137,
          "10": 172,
          "11": 109,
          "12": 68,
          "13": 75,
          "14": 52,
          "15": 108,
          "16": 17,
          "17": 112,
          "18": 222,
          "19": 168,
          "20": 119,
          "21": 200,
          "22": 228,
          "23": 222,
          "24": 242,
          "25": 96,
          "26": 186,
          "27": 197,
          "28": 157,
          "29": 135,
          "30": 119,
          "31": 82,
          "32": 79,
          "33": 117,
          "34": 151,
          "35": 102,
          "36": 67,
          "37": 224,
          "38": 62,
          "39": 76,
          "40": 6,
          "41": 246,
          "42": 179,
          "43": 5,
          "44": 128,
          "45": 75,
          "46": 216,
          "47": 155,
          "48": 54,
          "49": 139,
          "50": 70,
          "51": 15,
          "52": 144,
          "53": 191,
          "54": 253,
          "55": 55,
          "56": 208,
          "57": 41,
          "58": 150,
          "59": 47,
          "60": 205,
          "61": 78,
          "62": 109,
          "63": 113
        }
      }
    }
  },
  {
    "publicKey": "8iYsE6b4VKDqyauCKzd4GMAuG7dVLpBGfUCWan7BLx9y",
    "privateKey": "5E1bQLQt2TjoMD8rZQv71q3L4F4Uv2tggu4FLhHKhRLfjczQR9pNNA5xXehzZ6ZFMomzjXj8jxBW4EpKVMABjYWX",
    "keypair": {
      "_keypair": {
        "publicKey": {
          "0": 114,
          "1": 166,
          "2": 167,
          "3": 17,
          "4": 193,
          "5": 202,
          "6": 215,
          "7": 116,
          "8": 194,
          "9": 149,
          "10": 114,
          "11": 107,
          "12": 209,
          "13": 162,
          "14": 71,
          "15": 108,
          "16": 92,
          "17": 104,
          "18": 3,
          "19": 179,
          "20": 44,
          "21": 173,
          "22": 112,
          "23": 105,
          "24": 245,
          "25": 138,
          "26": 54,
          "27": 96,
          "28": 216,
          "29": 75,
          "30": 68,
          "31": 220
        },
        "secretKey": {
          "0": 211,
          "1": 73,
          "2": 154,
          "3": 218,
          "4": 58,
          "5": 50,
          "6": 216,
          "7": 46,
          "8": 225,
          "9": 46,
          "10": 251,
          "11": 61,
          "12": 176,
          "13": 24,
          "14": 23,
          "15": 12,
          "16": 75,
          "17": 36,
          "18": 29,
          "19": 222,
          "20": 131,
          "21": 141,
          "22": 25,
          "23": 83,
          "24": 122,
          "25": 97,
          "26": 200,
          "27": 234,
          "28": 115,
          "29": 255,
          "30": 90,
          "31": 229,
          "32": 114,
          "33": 166,
          "34": 167,
          "35": 17,
          "36": 193,
          "37": 202,
          "38": 215,
          "39": 116,
          "40": 194,
          "41": 149,
          "42": 114,
          "43": 107,
          "44": 209,
          "45": 162,
          "46": 71,
          "47": 108,
          "48": 92,
          "49": 104,
          "50": 3,
          "51": 179,
          "52": 44,
          "53": 173,
          "54": 112,
          "55": 105,
          "56": 245,
          "57": 138,
          "58": 54,
          "59": 96,
          "60": 216,
          "61": 75,
          "62": 68,
          "63": 220
        }
      }
    }
  },
  {
    "publicKey": "6WUtqmzt6hwCYg7NsV7kdprGRdpGVX24rNooC1DQErsn",
    "privateKey": "2rE4NadgUsXkrpTPZp8xjya4zVACxyyyVHjC5G4K8YeyzrxMNpKy9NHiDQSgYfJgU2bpd1ZFe3kXhnqeaMGY6fz4",
    "keypair": {
      "_keypair": {
        "publicKey": {
          "0": 81,
          "1": 215,
          "2": 209,
          "3": 86,
          "4": 127,
          "5": 166,
          "6": 185,
          "7": 191,
          "8": 34,
          "9": 182,
          "10": 243,
          "11": 119,
          "12": 179,
          "13": 231,
          "14": 72,
          "15": 66,
          "16": 182,
          "17": 72,
          "18": 172,
          "19": 196,
          "20": 171,
          "21": 17,
          "22": 255,
          "23": 48,
          "24": 45,
          "25": 95,
          "26": 23,
          "27": 1,
          "28": 224,
          "29": 217,
          "30": 236,
          "31": 221
        },
        "secretKey": {
          "0": 92,
          "1": 119,
          "2": 134,
          "3": 40,
          "4": 254,
          "5": 86,
          "6": 89,
          "7": 25,
          "8": 23,
          "9": 146,
          "10": 203,
          "11": 130,
          "12": 203,
          "13": 134,
          "14": 203,
          "15": 73,
          "16": 57,
          "17": 113,
          "18": 241,
          "19": 170,
          "20": 203,
          "21": 198,
          "22": 211,
          "23": 129,
          "24": 245,
          "25": 231,
          "26": 120,
          "27": 226,
          "28": 47,
          "29": 86,
          "30": 179,
          "31": 177,
          "32": 81,
          "33": 215,
          "34": 209,
          "35": 86,
          "36": 127,
          "37": 166,
          "38": 185,
          "39": 191,
          "40": 34,
          "41": 182,
          "42": 243,
          "43": 119,
          "44": 179,
          "45": 231,
          "46": 72,
          "47": 66,
          "48": 182,
          "49": 72,
          "50": 172,
          "51": 196,
          "52": 171,
          "53": 17,
          "54": 255,
          "55": 48,
          "56": 45,
          "57": 95,
          "58": 23,
          "59": 1,
          "60": 224,
          "61": 217,
          "62": 236,
          "63": 221
        }
      }
    }
  },
  {
    "publicKey": "9akn2ZianuyCGwmMfEeCxXtuzyDSKTHKGwVqLS7qcxpV",
    "privateKey": "42TYVkT2UbeWPUizw8LMvR7ctkbAbs66Cc3R9nPL67xGFoMAaTTVpEt7G7WKRL9wReKRFUVgTd5Diq64QdX6TcJH",
    "keypair": {
      "_keypair": {
        "publicKey": {
          "0": 127,
          "1": 131,
          "2": 41,
          "3": 0,
          "4": 80,
          "5": 160,
          "6": 252,
          "7": 10,
          "8": 15,
          "9": 187,
          "10": 6,
          "11": 75,
          "12": 99,
          "13": 199,
          "14": 177,
          "15": 126,
          "16": 17,
          "17": 206,
          "18": 45,
          "19": 204,
          "20": 196,
          "21": 17,
          "22": 11,
          "23": 136,
          "24": 240,
          "25": 245,
          "26": 226,
          "27": 62,
          "28": 91,
          "29": 190,
          "30": 65,
          "31": 118
        },
        "secretKey": {
          "0": 151,
          "1": 78,
          "2": 217,
          "3": 143,
          "4": 90,
          "5": 56,
          "6": 26,
          "7": 226,
          "8": 59,
          "9": 173,
          "10": 216,
          "11": 13,
          "12": 43,
          "13": 96,
          "14": 198,
          "15": 2,
          "16": 20,
          "17": 242,
          "18": 139,
          "19": 82,
          "20": 7,
          "21": 113,
          "22": 217,
          "23": 140,
          "24": 131,
          "25": 94,
          "26": 36,
          "27": 237,
          "28": 95,
          "29": 79,
          "30": 128,
          "31": 162,
          "32": 127,
          "33": 131,
          "34": 41,
          "35": 0,
          "36": 80,
          "37": 160,
          "38": 252,
          "39": 10,
          "40": 15,
          "41": 187,
          "42": 6,
          "43": 75,
          "44": 99,
          "45": 199,
          "46": 177,
          "47": 126,
          "48": 17,
          "49": 206,
          "50": 45,
          "51": 204,
          "52": 196,
          "53": 17,
          "54": 11,
          "55": 136,
          "56": 240,
          "57": 245,
          "58": 226,
          "59": 62,
          "60": 91,
          "61": 190,
          "62": 65,
          "63": 118
        }
      }
    }
  },
  {
    "publicKey": "GHfPSLPdBstgno6tfgkFQBnXgeWX5DWs12uH76v3ZQt1",
    "privateKey": "44zJoPPsUS5b1jVs4ctvRopJYLpYShoYUj2V8jtL7xK727vmtPK4jrscYUfvdGcY8EzM6TXfVBvyybCZLA3L2jA1",
    "keypair": {
      "_keypair": {
        "publicKey": {
          "0": 227,
          "1": 36,
          "2": 0,
          "3": 64,
          "4": 64,
          "5": 6,
          "6": 226,
          "7": 207,
          "8": 174,
          "9": 129,
          "10": 192,
          "11": 51,
          "12": 91,
          "13": 59,
          "14": 247,
          "15": 198,
          "16": 192,
          "17": 87,
          "18": 153,
          "19": 58,
          "20": 191,
          "21": 140,
          "22": 218,
          "23": 60,
          "24": 114,
          "25": 11,
          "26": 160,
          "27": 228,
          "28": 240,
          "29": 14,
          "30": 109,
          "31": 74
        },
        "secretKey": {
          "0": 153,
          "1": 125,
          "2": 121,
          "3": 174,
          "4": 179,
          "5": 50,
          "6": 77,
          "7": 100,
          "8": 48,
          "9": 224,
          "10": 90,
          "11": 188,
          "12": 126,
          "13": 102,
          "14": 142,
          "15": 144,
          "16": 80,
          "17": 18,
          "18": 35,
          "19": 18,
          "20": 44,
          "21": 177,
          "22": 228,
          "23": 35,
          "24": 84,
          "25": 197,
          "26": 104,
          "27": 205,
          "28": 131,
          "29": 117,
          "30": 23,
          "31": 0,
          "32": 227,
          "33": 36,
          "34": 0,
          "35": 64,
          "36": 64,
          "37": 6,
          "38": 226,
          "39": 207,
          "40": 174,
          "41": 129,
          "42": 192,
          "43": 51,
          "44": 91,
          "45": 59,
          "46": 247,
          "47": 198,
          "48": 192,
          "49": 87,
          "50": 153,
          "51": 58,
          "52": 191,
          "53": 140,
          "54": 218,
          "55": 60,
          "56": 114,
          "57": 11,
          "58": 160,
          "59": 228,
          "60": 240,
          "61": 14,
          "62": 109,
          "63": 74
        }
      }
    }
  },
  {
    "publicKey": "GWtRnVtk2TDRFmUh6H7bZd3UUr8LqWGWU7qHtgxrYcik",
    "privateKey": "waiaRxk7FLqcWvnpQUZrBEHpXS6EXwWAoPxUbqyDo9CREUsKk2qB1PUfzTUPPBW9ywzGpSucEDhNcx3krken3WQ",
    "keypair": {
      "_keypair": {
        "publicKey": {
          "0": 230,
          "1": 135,
          "2": 75,
          "3": 225,
          "4": 175,
          "5": 122,
          "6": 205,
          "7": 42,
          "8": 236,
          "9": 236,
          "10": 215,
          "11": 240,
          "12": 89,
          "13": 206,
          "14": 237,
          "15": 111,
          "16": 47,
          "17": 129,
          "18": 60,
          "19": 155,
          "20": 127,
          "21": 9,
          "22": 138,
          "23": 252,
          "24": 245,
          "25": 120,
          "26": 109,
          "27": 63,
          "28": 178,
          "29": 189,
          "30": 0,
          "31": 233
        },
        "secretKey": {
          "0": 47,
          "1": 17,
          "2": 160,
          "3": 250,
          "4": 176,
          "5": 42,
          "6": 80,
          "7": 141,
          "8": 182,
          "9": 129,
          "10": 239,
          "11": 75,
          "12": 30,
          "13": 156,
          "14": 136,
          "15": 214,
          "16": 80,
          "17": 38,
          "18": 185,
          "19": 56,
          "20": 169,
          "21": 147,
          "22": 47,
          "23": 238,
          "24": 51,
          "25": 155,
          "26": 137,
          "27": 155,
          "28": 219,
          "29": 225,
          "30": 75,
          "31": 24,
          "32": 230,
          "33": 135,
          "34": 75,
          "35": 225,
          "36": 175,
          "37": 122,
          "38": 205,
          "39": 42,
          "40": 236,
          "41": 236,
          "42": 215,
          "43": 240,
          "44": 89,
          "45": 206,
          "46": 237,
          "47": 111,
          "48": 47,
          "49": 129,
          "50": 60,
          "51": 155,
          "52": 127,
          "53": 9,
          "54": 138,
          "55": 252,
          "56": 245,
          "57": 120,
          "58": 109,
          "59": 63,
          "60": 178,
          "61": 189,
          "62": 0,
          "63": 233
        }
      }
    }
  },
  {
    "publicKey": "79bovWAJV6daZeSArSKZQPUGujLRT1uVfFBfSg9Jka9f",
    "privateKey": "4nQ38D8PBVatie9gh8pLsaCLaUtZvZxWKh2mCPscc9sSqSVALTu58MAGnceREumcKRJ13ReV5J6ax4bwuyYRzZBP",
    "keypair": {
      "_keypair": {
        "publicKey": {
          "0": 91,
          "1": 90,
          "2": 32,
          "3": 111,
          "4": 130,
          "5": 60,
          "6": 120,
          "7": 226,
          "8": 69,
          "9": 253,
          "10": 132,
          "11": 197,
          "12": 32,
          "13": 46,
          "14": 108,
          "15": 184,
          "16": 237,
          "17": 32,
          "18": 74,
          "19": 197,
          "20": 27,
          "21": 162,
          "22": 101,
          "23": 175,
          "24": 208,
          "25": 76,
          "26": 104,
          "27": 225,
          "28": 62,
          "29": 216,
          "30": 47,
          "31": 162
        },
        "secretKey": {
          "0": 189,
          "1": 51,
          "2": 38,
          "3": 69,
          "4": 91,
          "5": 184,
          "6": 249,
          "7": 108,
          "8": 74,
          "9": 75,
          "10": 204,
          "11": 55,
          "12": 158,
          "13": 193,
          "14": 102,
          "15": 236,
          "16": 113,
          "17": 154,
          "18": 196,
          "19": 44,
          "20": 95,
          "21": 39,
          "22": 199,
          "23": 240,
          "24": 53,
          "25": 206,
          "26": 95,
          "27": 10,
          "28": 156,
          "29": 169,
          "30": 227,
          "31": 124,
          "32": 91,
          "33": 90,
          "34": 32,
          "35": 111,
          "36": 130,
          "37": 60,
          "38": 120,
          "39": 226,
          "40": 69,
          "41": 253,
          "42": 132,
          "43": 197,
          "44": 32,
          "45": 46,
          "46": 108,
          "47": 184,
          "48": 237,
          "49": 32,
          "50": 74,
          "51": 197,
          "52": 27,
          "53": 162,
          "54": 101,
          "55": 175,
          "56": 208,
          "57": 76,
          "58": 104,
          "59": 225,
          "60": 62,
          "61": 216,
          "62": 47,
          "63": 162
        }
      }
    }
  },
  {
    "publicKey": "7Lecp44SquXFQusg8poJBBYY9vQ9vrJYfS14X1S94qMr",
    "privateKey": "As8eASzQX9BRhZLouP2TDPpZdRqphvChrk5YzVxUt2yzGk7hNF53jDVXe3LyckHqfrDZxBj4kWYXvezuSWfL2Ak",
    "keypair": {
      "_keypair": {
        "publicKey": {
          "0": 94,
          "1": 46,
          "2": 176,
          "3": 235,
          "4": 244,
          "5": 43,
          "6": 104,
          "7": 254,
          "8": 252,
          "9": 173,
          "10": 44,
          "11": 42,
          "12": 210,
          "13": 51,
          "14": 205,
          "15": 59,
          "16": 9,
          "17": 156,
          "18": 204,
          "19": 42,
          "20": 31,
          "21": 15,
          "22": 184,
          "23": 108,
          "24": 85,
          "25": 45,
          "26": 211,
          "27": 119,
          "28": 17,
          "29": 55,
          "30": 49,
          "31": 17
        },
        "secretKey": {
          "0": 8,
          "1": 129,
          "2": 178,
          "3": 173,
          "4": 6,
          "5": 175,
          "6": 24,
          "7": 90,
          "8": 67,
          "9": 67,
          "10": 82,
          "11": 140,
          "12": 107,
          "13": 96,
          "14": 105,
          "15": 120,
          "16": 36,
          "17": 17,
          "18": 236,
          "19": 27,
          "20": 220,
          "21": 245,
          "22": 87,
          "23": 203,
          "24": 11,
          "25": 57,
          "26": 115,
          "27": 91,
          "28": 136,
          "29": 67,
          "30": 191,
          "31": 65,
          "32": 94,
          "33": 46,
          "34": 176,
          "35": 235,
          "36": 244,
          "37": 43,
          "38": 104,
          "39": 254,
          "40": 252,
          "41": 173,
          "42": 44,
          "43": 42,
          "44": 210,
          "45": 51,
          "46": 205,
          "47": 59,
          "48": 9,
          "49": 156,
          "50": 204,
          "51": 42,
          "52": 31,
          "53": 15,
          "54": 184,
          "55": 108,
          "56": 85,
          "57": 45,
          "58": 211,
          "59": 119,
          "60": 17,
          "61": 55,
          "62": 49,
          "63": 17
        }
      }
    }
  },
  {
    "publicKey": "AGheix53WMuwRrqcMRQoGEBbBEbaQvEZnLtngWkU2wKR",
    "privateKey": "4hTaQganDE2ENcpXAJ844QM7qT8qEEaKDuWdWtQ8yMPuG8ezGS9kEnY39UHdVesLQRgUirZN4VFotxsFb2JQC8rX",
    "keypair": {
      "_keypair": {
        "publicKey": {
          "0": 137,
          "1": 190,
          "2": 219,
          "3": 167,
          "4": 192,
          "5": 11,
          "6": 186,
          "7": 175,
          "8": 46,
          "9": 238,
          "10": 220,
          "11": 70,
          "12": 151,
          "13": 143,
          "14": 169,
          "15": 31,
          "16": 247,
          "17": 103,
          "18": 75,
          "19": 212,
          "20": 89,
          "21": 160,
          "22": 187,
          "23": 246,
          "24": 56,
          "25": 173,
          "26": 228,
          "27": 75,
          "28": 202,
          "29": 233,
          "30": 4,
          "31": 60
        },
        "secretKey": {
          "0": 184,
          "1": 240,
          "2": 204,
          "3": 72,
          "4": 114,
          "5": 83,
          "6": 105,
          "7": 241,
          "8": 24,
          "9": 68,
          "10": 176,
          "11": 52,
          "12": 95,
          "13": 219,
          "14": 168,
          "15": 98,
          "16": 120,
          "17": 20,
          "18": 45,
          "19": 83,
          "20": 119,
          "21": 112,
          "22": 90,
          "23": 133,
          "24": 148,
          "25": 173,
          "26": 57,
          "27": 183,
          "28": 241,
          "29": 251,
          "30": 23,
          "31": 149,
          "32": 137,
          "33": 190,
          "34": 219,
          "35": 167,
          "36": 192,
          "37": 11,
          "38": 186,
          "39": 175,
          "40": 46,
          "41": 238,
          "42": 220,
          "43": 70,
          "44": 151,
          "45": 143,
          "46": 169,
          "47": 31,
          "48": 247,
          "49": 103,
          "50": 75,
          "51": 212,
          "52": 89,
          "53": 160,
          "54": 187,
          "55": 246,
          "56": 56,
          "57": 173,
          "58": 228,
          "59": 75,
          "60": 202,
          "61": 233,
          "62": 4,
          "63": 60
        }
      }
    }
  }
]